ceremony,day
1,1929-05-16
2,1930-04-03
3,1930-11-05
4,1931-11-10
5,1932-11-18
6,1934-03-16
7,1935-02-27
8,1936-03-05
9,1937-03-04
10,1938-03-10
11,1939-02-23
12,1940-02-29
13,1941-02-27
14,1942-02-26
15,1943-03-04
16,1944-03-02
17,1945-03-15
18,1946-03-07
19,1947-03-13
20,1948-03-20
21,1949-03-24
22,1950-03-23
23,1951-03-29
24,1952-03-20
25,1953-03-19
26,1954-03-25
27,1955-03-30
28,1956-03-21
29,1957-03-27
30,1958-03-26
31,1959-04-06
32,1960-04-04
33,1961-04-17
34,1962-04-09
35,1963-04-08
36,1964-04-13
37,1965-04-05
38,1966-04-18
39,1967-04-10
40,1968-04-10
41,1969-04-14
42,1970-04-07
43,1971-04-15
44,1972-04-10
45,1973-03-27
46,1974-04-02
47,1975-04-08
48,1976-03-29
49,1977-03-28
50,1978-04-03
51,1979-04-09
52,1980-04-14
53,1981-03-31
54,1982-03-29
55,1983-04-11
56,1984-04-09
57,1985-03-25
58,1986-03-24
59,1987-03-30
60,1988-04-11
61,1989-03-29
62,1990-03-26
63,1991-03-25
64,1992-03-30
65,1993-03-29
66,1994-03-21
67,1995-03-27
68,1996-03-25
69,1997-03-24
70,1998-03-23
71,1999-03-21
72,2000-03-26
73,2001-03-25
74,2002-03-24
75,2003-03-23
76,2004-02-29
77,2005-02-27
78,2006-03-05
79,2007-02-25
80,2008-02-24
81,2009-02-22
82,2010-03-07
83,2011-02-27
84,2012-02-26
85,2013-02-24
86,2014-03-02
87,2015-02-22
88,2016-02-28
89,2017-02-26
90,2018-03-04
91,2019-02-24
92,2020-02-09
93,2021-04-25
94,2022-02-27
